noc,country,year,lat,lng,medal_count
AFG,Afghanistan,2008,34.023,65.5267,1
AFG,Afghanistan,2012,34.023,65.5267,1
AHO,Curacao,1988,12.166,-69,1
ALG,Algeria,1984,28.6045,2.64,2
ALG,Algeria,1992,28.6045,2.64,2
ALG,Algeria,1996,28.6045,2.64,3
ALG,Algeria,2000,28.6045,2.64,5
ALG,Algeria,2008,28.6045,2.64,2
ALG,Algeria,2012,28.6045,2.64,1
ALG,Algeria,2016,28.6045,2.64,2
ANZ,Australia,1908,-24.578,133.582,19
ANZ,Australia,1912,-24.578,133.582,10
ARG,Argentina,1924,-33.166,-64.31,10
ARG,Argentina,1928,-33.166,-64.31,26
ARG,Argentina,1932,-33.166,-64.31,4
ARG,Argentina,1936,-33.166,-64.31,11
ARG,Argentina,1948,-33.166,-64.31,11
ARG,Argentina,1952,-33.166,-64.31,6
ARG,Argentina,1956,-33.166,-64.31,2
ARG,Argentina,1960,-33.166,-64.31,4
ARG,Argentina,1964,-33.166,-64.31,1
ARG,Argentina,1968,-33.166,-64.31,2
ARG,Argentina,1972,-33.166,-64.31,1
ARG,Argentina,1988,-33.166,-64.31,13
ARG,Argentina,1992,-33.166,-64.31,2
ARG,Argentina,1996,-33.166,-64.31,20
ARG,Argentina,2000,-33.166,-64.31,20
ARG,Argentina,2004,-33.166,-64.31,49
ARG,Argentina,2008,-33.166,-64.31,51
ARG,Argentina,2012,-33.166,-64.31,19
ARG,Argentina,2016,-33.166,-64.31,22
ARM,Armenia,1996,40.56,44.449,2
ARM,Armenia,2000,40.56,44.449,1
ARM,Armenia,2008,40.56,44.449,6
ARM,Armenia,2012,40.56,44.449,3
ARM,Armenia,2016,40.56,44.449,4
AUS,Australia,1896,-24.578,133.582,3
AUS,Australia,1900,-24.578,133.582,6
AUS,Australia,1904,-24.578,133.582,4
AUS,Australia,1906,-24.578,133.582,3
AUS,Australia,1920,-24.578,133.582,7
AUS,Australia,1924,-24.578,133.582,11
AUS,Australia,1928,-24.578,133.582,4
AUS,Australia,1932,-24.578,133.582,5
AUS,Australia,1936,-24.578,133.582,1
AUS,Australia,1948,-24.578,133.582,16
AUS,Australia,1952,-24.578,133.582,20
AUS,Australia,1956,-24.578,133.582,67
AUS,Australia,1960,-24.578,133.582,46
AUS,Australia,1964,-24.578,133.582,44
AUS,Australia,1968,-24.578,133.582,51
AUS,Australia,1972,-24.578,133.582,20
AUS,Australia,1976,-24.578,133.582,23
AUS,Australia,1980,-24.578,133.582,13
AUS,Australia,1984,-24.578,133.582,52
AUS,Australia,1988,-24.578,133.582,35
AUS,Australia,1992,-24.578,133.582,57
AUS,Australia,1994,-24.578,133.582,4
AUS,Australia,1996,-24.578,133.582,132
AUS,Australia,1998,-24.578,133.582,1
AUS,Australia,2000,-24.578,133.582,183
AUS,Australia,2002,-24.578,133.582,2
AUS,Australia,2004,-24.578,133.582,157
AUS,Australia,2006,-24.578,133.582,2
AUS,Australia,2008,-24.578,133.582,149
AUS,Australia,2010,-24.578,133.582,3
AUS,Australia,2012,-24.578,133.582,114
AUS,Australia,2014,-24.578,133.582,3
AUS,Australia,2016,-24.578,133.582,82
AUT,Austria,1896,47.65,14.705,5
AUT,Austria,1900,47.65,14.705,6
AUT,Austria,1904,47.65,14.705,4
AUT,Austria,1906,47.65,14.705,9
AUT,Austria,1908,47.65,14.705,1
AUT,Austria,1912,47.65,14.705,14
AUT,Austria,1924,47.65,14.705,8
AUT,Austria,1928,47.65,14.705,11
AUT,Austria,1932,47.65,14.705,7
AUT,Austria,1936,47.65,14.705,60
AUT,Austria,1948,47.65,14.705,16
AUT,Austria,1952,47.65,14.705,11
AUT,Austria,1956,47.65,14.705,16
AUT,Austria,1960,47.65,14.705,9
AUT,Austria,1964,47.65,14.705,17
AUT,Austria,1968,47.65,14.705,20
AUT,Austria,1972,47.65,14.705,8
AUT,Austria,1976,47.65,14.705,8
AUT,Austria,1980,47.65,14.705,13
AUT,Austria,1984,47.65,14.705,4
AUT,Austria,1988,47.65,14.705,13
AUT,Austria,1992,47.65,14.705,35
AUT,Austria,1994,47.65,14.705,12
AUT,Austria,1996,47.65,14.705,3
AUT,Austria,1998,47.65,14.705,20
AUT,Austria,2000,47.65,14.705,4
AUT,Austria,2002,47.65,14.705,20
AUT,Austria,2004,47.65,14.705,8
AUT,Austria,2006,47.65,14.705,30
AUT,Austria,2008,47.65,14.705,3
AUT,Austria,2010,47.65,14.705,26
AUT,Austria,2014,47.65,14.705,27
AUT,Austria,2016,47.65,14.705,2
AZE,Azerbaijan,1996,40.46,47.883,1
AZE,Azerbaijan,2000,40.46,47.883,3
AZE,Azerbaijan,2004,40.46,47.883,5
AZE,Azerbaijan,2008,40.46,47.883,7
AZE,Azerbaijan,2012,40.46,47.883,10
AZE,Azerbaijan,2016,40.46,47.883,18
BAH,Bahamas,1956,24.616,-77.989,2
BAH,Bahamas,1964,24.616,-77.989,2
BAH,Bahamas,1992,24.616,-77.989,1
BAH,Bahamas,1996,24.616,-77.989,5
BAH,Bahamas,2000,24.616,-77.989,11
BAH,Bahamas,2004,24.616,-77.989,2
BAH,Bahamas,2008,24.616,-77.989,7
BAH,Bahamas,2012,24.616,-77.989,4
BAH,Bahamas,2016,24.616,-77.989,6
BAR,Barbados,2000,13.147,-59.557,1
BDI,Burundi,1996,-3.333,29.749,1
BDI,Burundi,2016,-3.333,29.749,1
BEL,Belgium,1900,50.773,4.809,43
BEL,Belgium,1906,50.773,4.809,11
BEL,Belgium,1908,50.773,4.809,33
BEL,Belgium,1912,50.773,4.809,19
BEL,Belgium,1920,50.773,4.809,188
BEL,Belgium,1924,50.773,4.809,44
BEL,Belgium,1928,50.773,4.809,6
BEL,Belgium,1932,50.773,4.809,1
BEL,Belgium,1936,50.773,4.809,14
BEL,Belgium,1948,50.773,4.809,21
BEL,Belgium,1952,50.773,4.809,8
BEL,Belgium,1956,50.773,4.809,2
BEL,Belgium,1960,50.773,4.809,4
BEL,Belgium,1964,50.773,4.809,3
BEL,Belgium,1968,50.773,4.809,3
BEL,Belgium,1972,50.773,4.809,2
BEL,Belgium,1976,50.773,4.809,9
BEL,Belgium,1980,50.773,4.809,1
BEL,Belgium,1984,50.773,4.809,5
BEL,Belgium,1988,50.773,4.809,2
BEL,Belgium,1992,50.773,4.809,3
BEL,Belgium,1996,50.773,4.809,6
BEL,Belgium,1998,50.773,4.809,1
BEL,Belgium,2000,50.773,4.809,7
BEL,Belgium,2004,50.773,4.809,3
BEL,Belgium,2008,50.773,4.809,5
BEL,Belgium,2012,50.773,4.809,3
BEL,Belgium,2016,50.773,4.809,21
BER,Bermuda,1976,32.3,-64.761,1
BLR,Belarus,1994,53.48,28.241,2
BLR,Belarus,1996,53.48,28.241,23
BLR,Belarus,1998,53.48,28.241,2
BLR,Belarus,2000,53.48,28.241,22
BLR,Belarus,2002,53.48,28.241,1
BLR,Belarus,2004,53.48,28.241,15
BLR,Belarus,2006,53.48,28.241,1
BLR,Belarus,2008,53.48,28.241,29
BLR,Belarus,2010,53.48,28.241,3
BLR,Belarus,2012,53.48,28.241,23
BLR,Belarus,2014,53.48,28.241,6
BLR,Belarus,2016,53.48,28.241,12
BOH,Czech Republic,1900,49.848,14.717,3
BOH,Czech Republic,1906,49.848,14.717,3
BOH,Czech Republic,1908,49.848,14.717,6
BOT,Botswana,2012,-22.126,23.662,1
BRA,Brazil,1920,-11.694,-48.978,7
BRA,Brazil,1948,-11.694,-48.978,10
BRA,Brazil,1952,-11.694,-48.978,3
BRA,Brazil,1956,-11.694,-48.978,1
BRA,Brazil,1960,-11.694,-48.978,13
BRA,Brazil,1964,-11.694,-48.978,12
BRA,Brazil,1968,-11.694,-48.978,4
BRA,Brazil,1972,-11.694,-48.978,2
BRA,Brazil,1976,-11.694,-48.978,3
BRA,Brazil,1980,-11.694,-48.978,9
BRA,Brazil,1984,-11.694,-48.978,36
BRA,Brazil,1988,-11.694,-48.978,23
BRA,Brazil,1992,-11.694,-48.978,14
BRA,Brazil,1996,-11.694,-48.978,63
BRA,Brazil,2000,-11.694,-48.978,48
BRA,Brazil,2004,-11.694,-48.978,40
BRA,Brazil,2008,-11.694,-48.978,78
BRA,Brazil,2012,-11.694,-48.978,59
BRA,Brazil,2016,-11.694,-48.978,50
BRN,Bahrain,2012,26.028,50.55,1
BRN,Bahrain,2016,26.028,50.55,2
BUL,Bulgaria,1952,42.625,24.521,1
BUL,Bulgaria,1956,42.625,24.521,18
BUL,Bulgaria,1960,42.625,24.521,7
BUL,Bulgaria,1964,42.625,24.521,10
BUL,Bulgaria,1968,42.625,24.521,26
BUL,Bulgaria,1972,42.625,24.521,22
BUL,Bulgaria,1976,42.625,24.521,39
BUL,Bulgaria,1980,42.625,24.521,91
BUL,Bulgaria,1988,42.625,24.521,41
BUL,Bulgaria,1992,42.625,24.521,17
BUL,Bulgaria,1996,42.625,24.521,21
BUL,Bulgaria,1998,42.625,24.521,1
BUL,Bulgaria,2000,42.625,24.521,13
BUL,Bulgaria,2002,42.625,24.521,3
BUL,Bulgaria,2004,42.625,24.521,17
BUL,Bulgaria,2006,42.625,24.521,1
BUL,Bulgaria,2008,42.625,24.521,5
BUL,Bulgaria,2012,42.625,24.521,2
BUL,Bulgaria,2016,42.625,24.521,7
CAN,Canada,1900,59.2067,-111.1937,2
CAN,Canada,1904,59.2067,-111.1937,48
CAN,Canada,1906,59.2067,-111.1937,2
CAN,Canada,1908,59.2067,-111.1937,52
CAN,Canada,1912,59.2067,-111.1937,8
CAN,Canada,1920,59.2067,-111.1937,16
CAN,Canada,1924,59.2067,-111.1937,29
CAN,Canada,1928,59.2067,-111.1937,45
CAN,Canada,1932,59.2067,-111.1937,59
CAN,Canada,1936,59.2067,-111.1937,35
CAN,Canada,1948,59.2067,-111.1937,22
CAN,Canada,1952,59.2067,-111.1937,21
CAN,Canada,1956,59.2067,-111.1937,39
CAN,Canada,1960,59.2067,-111.1937,30
CAN,Canada,1964,59.2067,-111.1937,12
CAN,Canada,1968,59.2067,-111.1937,30
CAN,Canada,1972,59.2067,-111.1937,12
CAN,Canada,1976,59.2067,-111.1937,26
CAN,Canada,1980,59.2067,-111.1937,2
CAN,Canada,1984,59.2067,-111.1937,91
CAN,Canada,1988,59.2067,-111.1937,29
CAN,Canada,1992,59.2067,-111.1937,80
CAN,Canada,1994,59.2067,-111.1937,37
CAN,Canada,1996,59.2067,-111.1937,50
CAN,Canada,1998,59.2067,-111.1937,49
CAN,Canada,2000,59.2067,-111.1937,31
CAN,Canada,2002,59.2067,-111.1937,74
CAN,Canada,2004,59.2067,-111.1937,17
CAN,Canada,2006,59.2067,-111.1937,69
CAN,Canada,2008,59.2067,-111.1937,35
CAN,Canada,2010,59.2067,-111.1937,90
CAN,Canada,2012,59.2067,-111.1937,55
CAN,Canada,2014,59.2067,-111.1937,86
CAN,Canada,2016,59.2067,-111.1937,69
CHI,Chile,1928,-23.176,-69.201,1
CHI,Chile,1952,-23.176,-69.201,4
CHI,Chile,1956,-23.176,-69.201,4
CHI,Chile,1988,-23.176,-69.201,1
CHI,Chile,2000,-23.176,-69.201,17
CHI,Chile,2004,-23.176,-69.201,4
CHI,Chile,2008,-23.176,-69.201,1
CHN,China,1984,35.1753,99.3877,74
CHN,China,1988,35.1753,99.3877,52
CHN,China,1992,35.1753,99.3877,85
CHN,China,1994,35.1753,99.3877,3
CHN,China,1996,35.1753,99.3877,106
CHN,China,1998,35.1753,99.3877,14
CHN,China,2000,35.1753,99.3877,79
CHN,China,2002,35.1753,99.3877,16
CHN,China,2004,35.1753,99.3877,94
CHN,China,2006,35.1753,99.3877,13
CHN,China,2008,35.1753,99.3877,184
CHN,China,2010,35.1753,99.3877,19
CHN,China,2012,35.1753,99.3877,125
CHN,China,2014,35.1753,99.3877,12
CHN,China,2016,35.1753,99.3877,113
CIV,Ivory Coast,1984,7.497,-5.336,1
CIV,Ivory Coast,2016,7.497,-5.336,2
CMR,Cameroon,1968,4.4,12.131,1
CMR,Cameroon,1984,4.4,12.131,1
CMR,Cameroon,2000,4.4,12.131,18
CMR,Cameroon,2004,4.4,12.131,1
CMR,Cameroon,2008,4.4,12.131,1
COL,Colombia,1900,3.794,-73.606,1
COL,Colombia,1972,3.794,-73.606,3
COL,Colombia,1984,3.794,-73.606,1
COL,Colombia,1988,3.794,-73.606,1
COL,Colombia,1992,3.794,-73.606,1
COL,Colombia,2000,3.794,-73.606,1
COL,Colombia,2004,3.794,-73.606,2
COL,Colombia,2008,3.794,-73.606,2
COL,Colombia,2012,3.794,-73.606,8
COL,Colombia,2016,3.794,-73.606,8
CRC,Costa Rica,1988,10.126,-84.075,1
CRC,Costa Rica,1996,10.126,-84.075,1
CRC,Costa Rica,2000,10.126,-84.075,2
CRO,Croatia,1992,45.754,16.385,15
CRO,Croatia,1996,45.754,16.385,28
CRO,Croatia,2000,45.754,16.385,10
CRO,Croatia,2002,45.754,16.385,4
CRO,Croatia,2004,45.754,16.385,21
CRO,Croatia,2006,45.754,16.385,3
CRO,Croatia,2008,45.754,16.385,5
CRO,Croatia,2010,45.754,16.385,3
CRO,Croatia,2012,45.754,16.385,35
CRO,Croatia,2014,45.754,16.385,1
CRO,Croatia,2016,45.754,16.385,24
CUB,Cuba,1900,20.571,-76.456,2
CUB,Cuba,1904,20.571,-76.456,5
CUB,Cuba,1948,20.571,-76.456,2
CUB,Cuba,1964,20.571,-76.456,1
CUB,Cuba,1968,20.571,-76.456,10
CUB,Cuba,1972,20.571,-76.456,22
CUB,Cuba,1976,20.571,-76.456,24
CUB,Cuba,1980,20.571,-76.456,20
CUB,Cuba,1992,20.571,-76.456,69
CUB,Cuba,1996,20.571,-76.456,55
CUB,Cuba,2000,20.571,-76.456,65
CUB,Cuba,2004,20.571,-76.456,62
CUB,Cuba,2008,20.571,-76.456,47
CUB,Cuba,2012,20.571,-76.456,14
CUB,Cuba,2016,20.571,-76.456,11
CYP,Cyprus,2012,34.894,32.928,1
CZE,Czech Republic,1996,49.848,14.717,13
CZE,Czech Republic,1998,49.848,14.717,23
CZE,Czech Republic,2000,49.848,14.717,9
CZE,Czech Republic,2002,49.848,14.717,3
CZE,Czech Republic,2004,49.848,14.717,13
CZE,Czech Republic,2006,49.848,14.717,27
CZE,Czech Republic,2008,49.848,14.717,7
CZE,Czech Republic,2010,49.848,14.717,9
CZE,Czech Republic,2012,49.848,14.717,14
CZE,Czech Republic,2014,49.848,14.717,11
CZE,Czech Republic,2016,49.848,14.717,15
DEN,Denmark,1896,56.113,9.096,6
DEN,Denmark,1900,56.113,9.096,9
DEN,Denmark,1906,56.113,9.096,34
DEN,Denmark,1908,56.113,9.096,17
DEN,Denmark,1912,56.113,9.096,87
DEN,Denmark,1920,56.113,9.096,71
DEN,Denmark,1924,56.113,9.096,14
DEN,Denmark,1928,56.113,9.096,15
DEN,Denmark,1932,56.113,9.096,11
DEN,Denmark,1936,56.113,9.096,6
DEN,Denmark,1948,56.113,9.096,51
DEN,Denmark,1952,56.113,9.096,9
DEN,Denmark,1956,56.113,9.096,6
DEN,Denmark,1960,56.113,9.096,23
DEN,Denmark,1964,56.113,9.096,12
DEN,Denmark,1968,56.113,9.096,17
DEN,Denmark,1972,56.113,9.096,1
DEN,Denmark,1976,56.113,9.096,8
DEN,Denmark,1980,56.113,9.096,8
DEN,Denmark,1984,56.113,9.096,13
DEN,Denmark,1988,56.113,9.096,7
DEN,Denmark,1992,56.113,9.096,14
DEN,Denmark,1996,56.113,9.096,23
DEN,Denmark,1998,56.113,9.096,5
DEN,Denmark,2000,56.113,9.096,25
DEN,Denmark,2004,56.113,9.096,29
DEN,Denmark,2008,56.113,9.096,19
DEN,Denmark,2012,56.113,9.096,16
DEN,Denmark,2016,56.113,9.096,41
DJI,Djibouti,1988,11.41,42.165,1
DOM,Dominican Republic,1984,19.072,-70.988,1
DOM,Dominican Republic,2004,19.072,-70.988,1
DOM,Dominican Republic,2008,19.072,-70.988,2
DOM,Dominican Republic,2012,19.072,-70.988,2
DOM,Dominican Republic,2016,19.072,-70.988,1
ECU,Ecuador,1996,-1.151,-78.308,1
ECU,Ecuador,2008,-1.151,-78.308,1
EGY,Egypt,1928,26.16,28.742,4
EGY,Egypt,1936,26.16,28.742,5
EGY,Egypt,1948,26.16,28.742,5
EGY,Egypt,1952,26.16,28.742,1
EGY,Egypt,1984,26.16,28.742,1
EGY,Egypt,2004,26.16,28.742,5
EGY,Egypt,2008,26.16,28.742,1
EGY,Egypt,2012,26.16,28.742,2
EGY,Egypt,2016,26.16,28.742,3
ERI,Eritrea,2004,15.982,38.02,1
ESP,Spain,1900,40.617,-3.388,2
ESP,Spain,1920,40.617,-3.388,23
ESP,Spain,1928,40.617,-3.388,3
ESP,Spain,1932,40.617,-3.388,1
ESP,Spain,1948,40.617,-3.388,3
ESP,Spain,1952,40.617,-3.388,1
ESP,Spain,1960,40.617,-3.388,14
ESP,Spain,1972,40.617,-3.388,2
ESP,Spain,1976,40.617,-3.388,6
ESP,Spain,1980,40.617,-3.388,24
ESP,Spain,1984,40.617,-3.388,19
ESP,Spain,1988,40.617,-3.388,5
ESP,Spain,1992,40.617,-3.388,70
ESP,Spain,1996,40.617,-3.388,66
ESP,Spain,2000,40.617,-3.388,42
ESP,Spain,2004,40.617,-3.388,30
ESP,Spain,2008,40.617,-3.388,70
ESP,Spain,2012,40.617,-3.388,63
ESP,Spain,2016,40.617,-3.388,45
EST,Estonia,1920,58.777,25.977,3
EST,Estonia,1924,58.777,25.977,6
EST,Estonia,1928,58.777,25.977,9
EST,Estonia,1936,58.777,25.977,7
EST,Estonia,1992,58.777,25.977,3
EST,Estonia,2000,58.777,25.977,3
EST,Estonia,2002,58.777,25.977,3
EST,Estonia,2004,58.777,25.977,3
EST,Estonia,2006,58.777,25.977,3
EST,Estonia,2008,58.777,25.977,3
EST,Estonia,2010,58.777,25.977,1
EST,Estonia,2012,58.777,25.977,2
EST,Estonia,2016,58.777,25.977,4
ETH,Ethiopia,1960,8.435,38.786,1
ETH,Ethiopia,1964,8.435,38.786,1
ETH,Ethiopia,1968,8.435,38.786,2
ETH,Ethiopia,1972,8.435,38.786,2
ETH,Ethiopia,1980,8.435,38.786,4
ETH,Ethiopia,1992,8.435,38.786,3
ETH,Ethiopia,1996,8.435,38.786,3
ETH,Ethiopia,2000,8.435,38.786,8
ETH,Ethiopia,2004,8.435,38.786,7
ETH,Ethiopia,2008,8.435,38.786,7
ETH,Ethiopia,2012,8.435,38.786,7
ETH,Ethiopia,2016,8.435,38.786,8
EUN,Russia,1992,64.736,104.062,279
FIJ,Fiji,2016,-17.15,177.186,13
FIN,Finland,1906,62.716,26.192,4
FIN,Finland,1908,62.716,26.192,30
FIN,Finland,1912,62.716,26.192,71
FIN,Finland,1920,62.716,26.192,52
FIN,Finland,1924,62.716,26.192,67
FIN,Finland,1928,62.716,26.192,29
FIN,Finland,1932,62.716,26.192,32
FIN,Finland,1936,62.716,26.192,36
FIN,Finland,1948,62.716,26.192,42
FIN,Finland,1952,62.716,26.192,52
FIN,Finland,1956,62.716,26.192,38
FIN,Finland,1960,62.716,26.192,19
FIN,Finland,1964,62.716,26.192,20
FIN,Finland,1968,62.716,26.192,12
FIN,Finland,1972,62.716,26.192,20
FIN,Finland,1976,62.716,26.192,22
FIN,Finland,1980,62.716,26.192,21
FIN,Finland,1984,62.716,26.192,31
FIN,Finland,1988,62.716,26.192,38
FIN,Finland,1992,62.716,26.192,20
FIN,Finland,1994,62.716,26.192,30
FIN,Finland,1996,62.716,26.192,4
FIN,Finland,1998,62.716,26.192,58
FIN,Finland,2000,62.716,26.192,5
FIN,Finland,2002,62.716,26.192,13
FIN,Finland,2004,62.716,26.192,2
FIN,Finland,2006,62.716,26.192,41
FIN,Finland,2008,62.716,26.192,5
FIN,Finland,2010,62.716,26.192,47
FIN,Finland,2012,62.716,26.192,5
FIN,Finland,2014,62.716,26.192,33
FIN,Finland,2016,62.716,26.192,1
FRA,France,1896,46.656,2.543,11
FRA,France,1900,46.656,2.543,235
FRA,France,1904,46.656,2.543,2
FRA,France,1906,46.656,2.543,64
FRA,France,1908,46.656,2.543,40
FRA,France,1912,46.656,2.543,26
FRA,France,1920,46.656,2.543,141
FRA,France,1924,46.656,2.543,120
FRA,France,1928,46.656,2.543,52
FRA,France,1932,46.656,2.543,42
FRA,France,1936,46.656,2.543,45
FRA,France,1948,46.656,2.543,77
FRA,France,1952,46.656,2.543,41
FRA,France,1956,46.656,2.543,33
FRA,France,1960,46.656,2.543,15
FRA,France,1964,46.656,2.543,38
FRA,France,1968,46.656,2.543,36
FRA,France,1972,46.656,2.543,25
FRA,France,1976,46.656,2.543,21
FRA,France,1980,46.656,2.543,30
FRA,France,1984,46.656,2.543,70
FRA,France,1988,46.656,2.543,31
FRA,France,1992,46.656,2.543,69
FRA,France,1994,46.656,2.543,11
FRA,France,1996,46.656,2.543,51
FRA,France,1998,46.656,2.543,15
FRA,France,2000,46.656,2.543,66
FRA,France,2002,46.656,2.543,15
FRA,France,2004,46.656,2.543,53
FRA,France,2006,46.656,2.543,15
FRA,France,2008,46.656,2.543,77
FRA,France,2010,46.656,2.543,14
FRA,France,2012,46.656,2.543,82
FRA,France,2014,46.656,2.543,18
FRA,France,2016,46.656,2.543,96
FRG,Germany,1968,51.394,9.657,61
FRG,Germany,1972,51.394,9.657,112
FRG,Germany,1976,51.394,9.657,110
FRG,Germany,1980,51.394,9.657,8
FRG,Germany,1984,51.394,9.657,166
FRG,Germany,1988,51.394,9.657,129
GAB,Gabon,2012,-0.406,11.914,1
GBR,UK,1896,52.289,-1.259,9
GBR,UK,1900,52.289,-1.259,108
GBR,UK,1904,52.289,-1.259,2
GBR,UK,1906,52.289,-1.259,39
GBR,UK,1908,52.289,-1.259,368
GBR,UK,1912,52.289,-1.259,170
GBR,UK,1920,52.289,-1.259,111
GBR,UK,1924,52.289,-1.259,95
GBR,UK,1928,52.289,-1.259,59
GBR,UK,1932,52.289,-1.259,35
GBR,UK,1936,52.289,-1.259,53
GBR,UK,1948,52.289,-1.259,63
GBR,UK,1952,52.289,-1.259,32
GBR,UK,1956,52.289,-1.259,46
GBR,UK,1960,52.289,-1.259,28
GBR,UK,1964,52.289,-1.259,30
GBR,UK,1968,52.289,-1.259,19
GBR,UK,1972,52.289,-1.259,29
GBR,UK,1976,52.289,-1.259,33
GBR,UK,1980,52.289,-1.259,48
GBR,UK,1984,52.289,-1.259,73
GBR,UK,1988,52.289,-1.259,54
GBR,UK,1992,52.289,-1.259,50
GBR,UK,1994,52.289,-1.259,3
GBR,UK,1996,52.289,-1.259,26
GBR,UK,1998,52.289,-1.259,4
GBR,UK,2000,52.289,-1.259,54
GBR,UK,2002,52.289,-1.259,6
GBR,UK,2004,52.289,-1.259,57
GBR,UK,2006,52.289,-1.259,1
GBR,UK,2008,52.289,-1.259,81
GBR,UK,2010,52.289,-1.259,1
GBR,UK,2012,52.289,-1.259,126
GBR,UK,2014,52.289,-1.259,10
GBR,UK,2016,52.289,-1.259,145
GDR,Germany,1968,51.394,9.657,58
GDR,Germany,1972,51.394,9.657,171
GDR,Germany,1976,51.394,9.657,227
GDR,Germany,1980,51.394,9.657,303
GDR,Germany,1984,51.394,9.657,33
GDR,Germany,1988,51.394,9.657,213
GEO,Georgia,1996,42.05,43.576,2
GEO,Georgia,2000,42.05,43.576,6
GEO,Georgia,2004,42.05,43.576,4
GEO,Georgia,2008,42.05,43.576,6
GEO,Georgia,2012,42.05,43.576,7
GEO,Georgia,2016,42.05,43.576,7
GER,Germany,1896,51.394,9.657,32
GER,Germany,1900,51.394,9.657,45
GER,Germany,1904,51.394,9.657,16
GER,Germany,1906,51.394,9.657,30
GER,Germany,1908,51.394,9.657,21
GER,Germany,1912,51.394,9.657,53
GER,Germany,1928,51.394,9.657,82
GER,Germany,1932,51.394,9.657,57
GER,Germany,1936,51.394,9.657,231
GER,Germany,1952,51.394,9.657,52
GER,Germany,1956,51.394,9.657,54
GER,Germany,1960,51.394,9.657,98
GER,Germany,1964,51.394,9.657,126
GER,Germany,1992,51.394,9.657,236
GER,Germany,1994,51.394,9.657,40
GER,Germany,1996,51.394,9.657,124
GER,Germany,1998,51.394,9.657,44
GER,Germany,2000,51.394,9.657,118
GER,Germany,2002,51.394,9.657,61
GER,Germany,2004,51.394,9.657,149
GER,Germany,2006,51.394,9.657,54
GER,Germany,2008,51.394,9.657,99
GER,Germany,2010,51.394,9.657,54
GER,Germany,2012,51.394,9.657,94
GER,Germany,2014,51.394,9.657,36
GER,Germany,2016,51.394,9.657,159
GHA,Ghana,1960,7.258,-1.062,1
GHA,Ghana,1964,7.258,-1.062,1
GHA,Ghana,1972,7.258,-1.062,1
GHA,Ghana,1992,7.258,-1.062,20
GRE,Greece,1896,39.787,21.617,48
GRE,Greece,1904,39.787,21.617,2
GRE,Greece,1906,39.787,21.617,102
GRE,Greece,1908,39.787,21.617,4
GRE,Greece,1912,39.787,21.617,2
GRE,Greece,1920,39.787,21.617,5
GRE,Greece,1924,39.787,21.617,1
GRE,Greece,1956,39.787,21.617,1
GRE,Greece,1960,39.787,21.617,3
GRE,Greece,1968,39.787,21.617,1
GRE,Greece,1972,39.787,21.617,2
GRE,Greece,1980,39.787,21.617,5
GRE,Greece,1984,39.787,21.617,2
GRE,Greece,1988,39.787,21.617,1
GRE,Greece,1992,39.787,21.617,2
GRE,Greece,1996,39.787,21.617,8
GRE,Greece,2000,39.787,21.617,18
GRE,Greece,2004,39.787,21.617,31
GRE,Greece,2008,39.787,21.617,7
GRE,Greece,2012,39.787,21.617,3
GRE,Greece,2016,39.787,21.617,7
GRN,Grenada,2012,12.107,-61.681,1
GRN,Grenada,2016,12.107,-61.681,1
GUA,Guatemala,2012,15.124,-90.711,1
GUY,Guyana,1980,5.17,-58.939,1
HAI,Haiti,1900,19.302,-72.273,1
HAI,Haiti,1924,19.302,-72.273,5
HAI,Haiti,1928,19.302,-72.273,1
HKG,China,1996,35.1753,99.3877,1
HKG,China,2004,35.1753,99.3877,2
HKG,China,2012,35.1753,99.3877,1
HUN,Hungary,1896,47.174,19.618,6
HUN,Hungary,1900,47.174,19.618,5
HUN,Hungary,1904,47.174,19.618,4
HUN,Hungary,1906,47.174,19.618,13
HUN,Hungary,1908,47.174,19.618,20
HUN,Hungary,1912,47.174,19.618,30
HUN,Hungary,1924,47.174,19.618,22
HUN,Hungary,1928,47.174,19.618,21
HUN,Hungary,1932,47.174,19.618,35
HUN,Hungary,1936,47.174,19.618,43
HUN,Hungary,1948,47.174,19.618,64
HUN,Hungary,1952,47.174,19.618,104
HUN,Hungary,1956,47.174,19.618,66
HUN,Hungary,1960,47.174,19.618,66
HUN,Hungary,1964,47.174,19.618,56
HUN,Hungary,1968,47.174,19.618,81
HUN,Hungary,1972,47.174,19.618,81
HUN,Hungary,1976,47.174,19.618,55
HUN,Hungary,1980,47.174,19.618,63
HUN,Hungary,1988,47.174,19.618,44
HUN,Hungary,1992,47.174,19.618,45
HUN,Hungary,1996,47.174,19.618,43
HUN,Hungary,2000,47.174,19.618,53
HUN,Hungary,2004,47.174,19.618,40
HUN,Hungary,2008,47.174,19.618,27
HUN,Hungary,2012,47.174,19.618,26
HUN,Hungary,2016,47.174,19.618,22
INA,Indonesia,1988,-0.739,114.045,3
INA,Indonesia,1992,-0.739,114.045,6
INA,Indonesia,1996,-0.739,114.045,6
INA,Indonesia,2000,-0.739,114.045,8
INA,Indonesia,2004,-0.739,114.045,5
INA,Indonesia,2008,-0.739,114.045,7
INA,Indonesia,2012,-0.739,114.045,2
INA,Indonesia,2016,-0.739,114.045,4
IND,India,1900,22.741,78.236,2
IND,India,1924,22.741,78.236,7
IND,India,1928,22.741,78.236,14
IND,India,1932,22.741,78.236,15
IND,India,1936,22.741,78.236,19
IND,India,1948,22.741,78.236,20
IND,India,1952,22.741,78.236,15
IND,India,1956,22.741,78.236,17
IND,India,1960,22.741,78.236,13
IND,India,1964,22.741,78.236,15
IND,India,1968,22.741,78.236,16
IND,India,1972,22.741,78.236,14
IND,India,1980,22.741,78.236,16
IND,India,1996,22.741,78.236,1
IND,India,2000,22.741,78.236,1
IND,India,2004,22.741,78.236,1
IND,India,2008,22.741,78.236,3
IND,India,2012,22.741,78.236,6
IND,India,2016,22.741,78.236,2
IOA,Individual Olympic Athletes,1992,nan,nan,3
IOA,Individual Olympic Athletes,2016,nan,nan,2
IRI,Iran,1948,33.408,54.0418,1
IRI,Iran,1952,33.408,54.0418,7
IRI,Iran,1956,33.408,54.0418,5
IRI,Iran,1960,33.408,54.0418,4
IRI,Iran,1964,33.408,54.0418,2
IRI,Iran,1968,33.408,54.0418,5
IRI,Iran,1972,33.408,54.0418,3
IRI,Iran,1976,33.408,54.0418,2
IRI,Iran,1988,33.408,54.0418,1
IRI,Iran,1992,33.408,54.0418,3
IRI,Iran,1996,33.408,54.0418,3
IRI,Iran,2000,33.408,54.0418,4
IRI,Iran,2004,33.408,54.0418,6
IRI,Iran,2008,33.408,54.0418,2
IRI,Iran,2012,33.408,54.0418,12
IRI,Iran,2016,33.408,54.0418,8
IRL,Ireland,1924,53.214,-7.588,2
IRL,Ireland,1928,53.214,-7.588,1
IRL,Ireland,1932,53.214,-7.588,2
IRL,Ireland,1948,53.214,-7.588,1
IRL,Ireland,1952,53.214,-7.588,1
IRL,Ireland,1956,53.214,-7.588,5
IRL,Ireland,1964,53.214,-7.588,1
IRL,Ireland,1980,53.214,-7.588,3
IRL,Ireland,1984,53.214,-7.588,1
IRL,Ireland,1992,53.214,-7.588,2
IRL,Ireland,1996,53.214,-7.588,4
IRL,Ireland,2000,53.214,-7.588,1
IRL,Ireland,2008,53.214,-7.588,3
IRL,Ireland,2012,53.214,-7.588,5
IRL,Ireland,2016,53.214,-7.588,3
IRQ,Iraq,1960,33.545,43.278,1
ISL,Iceland,1956,64.826,-18.417,1
ISL,Iceland,1984,64.826,-18.417,1
ISL,Iceland,2000,64.826,-18.417,1
ISL,Iceland,2008,64.826,-18.417,14
ISR,Israel,1992,30.992,34.834,2
ISR,Israel,1996,30.992,34.834,1
ISR,Israel,2000,30.992,34.834,1
ISR,Israel,2004,30.992,34.834,2
ISR,Israel,2008,30.992,34.834,1
ISR,Israel,2016,30.992,34.834,2
ISV,"Virgin Islands, US",1988,17.74,-64.8,1
ITA,Italy,1900,44.3713,11.1084,5
ITA,Italy,1906,44.3713,11.1084,56
ITA,Italy,1908,44.3713,11.1084,8
ITA,Italy,1912,44.3713,11.1084,25
ITA,Italy,1920,44.3713,11.1084,84
ITA,Italy,1924,44.3713,11.1084,51
ITA,Italy,1928,44.3713,11.1084,72
ITA,Italy,1932,44.3713,11.1084,77
ITA,Italy,1936,44.3713,11.1084,76
ITA,Italy,1948,44.3713,11.1084,68
ITA,Italy,1952,44.3713,11.1084,56
ITA,Italy,1956,44.3713,11.1084,55
ITA,Italy,1960,44.3713,11.1084,89
ITA,Italy,1964,44.3713,11.1084,61
ITA,Italy,1968,44.3713,11.1084,41
ITA,Italy,1972,44.3713,11.1084,34
ITA,Italy,1976,44.3713,11.1084,35
ITA,Italy,1980,44.3713,11.1084,40
ITA,Italy,1984,44.3713,11.1084,65
ITA,Italy,1988,44.3713,11.1084,37
ITA,Italy,1992,44.3713,11.1084,66
ITA,Italy,1994,44.3713,11.1084,32
ITA,Italy,1996,44.3713,11.1084,71
ITA,Italy,1998,44.3713,11.1084,17
ITA,Italy,2000,44.3713,11.1084,65
ITA,Italy,2002,44.3713,11.1084,21
ITA,Italy,2004,44.3713,11.1084,104
ITA,Italy,2006,44.3713,11.1084,25
ITA,Italy,2008,44.3713,11.1084,42
ITA,Italy,2010,44.3713,11.1084,5
ITA,Italy,2012,44.3713,11.1084,68
ITA,Italy,2014,44.3713,11.1084,14
ITA,Italy,2016,44.3713,11.1084,72
JAM,Jamaica,1948,18.163,-77.477,3
JAM,Jamaica,1952,18.163,-77.477,8
JAM,Jamaica,1968,18.163,-77.477,1
JAM,Jamaica,1972,18.163,-77.477,1
JAM,Jamaica,1976,18.163,-77.477,2
JAM,Jamaica,1980,18.163,-77.477,3
JAM,Jamaica,1984,18.163,-77.477,7
JAM,Jamaica,1988,18.163,-77.477,7
JAM,Jamaica,1992,18.163,-77.477,4
JAM,Jamaica,1996,18.163,-77.477,16
JAM,Jamaica,2000,18.163,-77.477,23
JAM,Jamaica,2004,18.163,-77.477,13
JAM,Jamaica,2008,18.163,-77.477,14
JAM,Jamaica,2012,18.163,-77.477,25
JAM,Jamaica,2016,18.163,-77.477,30
JOR,Jordan,2016,30.681,36.279,1
JPN,Japan,1920,35.962,137.855,3
JPN,Japan,1924,35.962,137.855,1
JPN,Japan,1928,35.962,137.855,9
JPN,Japan,1932,35.962,137.855,31
JPN,Japan,1936,35.962,137.855,23
JPN,Japan,1952,35.962,137.855,12
JPN,Japan,1956,35.962,137.855,25
JPN,Japan,1960,35.962,137.855,31
JPN,Japan,1964,35.962,137.855,62
JPN,Japan,1968,35.962,137.855,63
JPN,Japan,1972,35.962,137.855,59
JPN,Japan,1976,35.962,137.855,41
JPN,Japan,1980,35.962,137.855,1
JPN,Japan,1984,35.962,137.855,50
JPN,Japan,1988,35.962,137.855,21
JPN,Japan,1992,35.962,137.855,59
JPN,Japan,1994,35.962,137.855,10
JPN,Japan,1996,35.962,137.855,42
JPN,Japan,1998,35.962,137.855,13
JPN,Japan,2000,35.962,137.855,44
JPN,Japan,2002,35.962,137.855,2
JPN,Japan,2004,35.962,137.855,93
JPN,Japan,2006,35.962,137.855,1
JPN,Japan,2008,35.962,137.855,51
JPN,Japan,2010,35.962,137.855,7
JPN,Japan,2012,35.962,137.855,84
JPN,Japan,2014,35.962,137.855,11
JPN,Japan,2016,35.962,137.855,64
KAZ,Kazakhstan,1994,48.866,69.772,3
KAZ,Kazakhstan,1996,48.866,69.772,11
KAZ,Kazakhstan,1998,48.866,69.772,2
KAZ,Kazakhstan,2000,48.866,69.772,7
KAZ,Kazakhstan,2004,48.866,69.772,8
KAZ,Kazakhstan,2008,48.866,69.772,13
KAZ,Kazakhstan,2010,48.866,69.772,1
KAZ,Kazakhstan,2012,48.866,69.772,13
KAZ,Kazakhstan,2014,48.866,69.772,1
KAZ,Kazakhstan,2016,48.866,69.772,18
KEN,Kenya,1964,0.806,38.166,1
KEN,Kenya,1968,0.806,38.166,12
KEN,Kenya,1972,0.806,38.166,12
KEN,Kenya,1984,0.806,38.166,3
KEN,Kenya,1988,0.806,38.166,9
KEN,Kenya,1992,0.806,38.166,8
KEN,Kenya,1996,0.806,38.166,8
KEN,Kenya,2000,0.806,38.166,7
KEN,Kenya,2004,0.806,38.166,7
KEN,Kenya,2008,0.806,38.166,15
KEN,Kenya,2012,0.806,38.166,11
KEN,Kenya,2016,0.806,38.166,13
KGZ,Kyrgyzstan,2000,41.741,75.043,1
KGZ,Kyrgyzstan,2008,41.741,75.043,2
KOR,South Korea,1948,36.338,128.16,2
KOR,South Korea,1952,36.338,128.16,2
KOR,South Korea,1956,36.338,128.16,2
KOR,South Korea,1964,36.338,128.16,3
KOR,South Korea,1968,36.338,128.16,2
KOR,South Korea,1972,36.338,128.16,1
KOR,South Korea,1976,36.338,128.16,17
KOR,South Korea,1984,36.338,128.16,41
KOR,South Korea,1988,36.338,128.16,77
KOR,South Korea,1992,36.338,128.16,56
KOR,South Korea,1994,36.338,128.16,9
KOR,South Korea,1996,36.338,128.16,66
KOR,South Korea,1998,36.338,128.16,12
KOR,South Korea,2000,36.338,128.16,73
KOR,South Korea,2002,36.338,128.16,7
KOR,South Korea,2004,36.338,128.16,52
KOR,South Korea,2006,36.338,128.16,19
KOR,South Korea,2008,36.338,128.16,78
KOR,South Korea,2010,36.338,128.16,18
KOR,South Korea,2012,36.338,128.16,61
KOR,South Korea,2014,36.338,128.16,14
KOR,South Korea,2016,36.338,128.16,26
KOS,Kosovo,2016,42.546,20.921,1
KSA,Saudi Arabia,2000,24.191,44.32,2
KSA,Saudi Arabia,2012,24.191,44.32,4
KUW,Kuwait,2000,29.396,47.326,1
KUW,Kuwait,2012,29.396,47.326,1
LAT,Latvia,1932,56.874,26.263,1
LAT,Latvia,1936,56.874,26.263,2
LAT,Latvia,1992,56.874,26.263,3
LAT,Latvia,1996,56.874,26.263,1
LAT,Latvia,2000,56.874,26.263,3
LAT,Latvia,2004,56.874,26.263,4
LAT,Latvia,2006,56.874,26.263,1
LAT,Latvia,2008,56.874,26.263,3
LAT,Latvia,2010,56.874,26.263,3
LAT,Latvia,2012,56.874,26.263,3
LAT,Latvia,2014,56.874,26.263,11
LIB,Lebanon,1952,34.161,36.021,2
LIB,Lebanon,1972,34.161,36.021,1
LIB,Lebanon,1980,34.161,36.021,1
LIE,Liechtenstein,1976,47.105,9.556,2
LIE,Liechtenstein,1980,47.105,9.556,4
LIE,Liechtenstein,1984,47.105,9.556,2
LIE,Liechtenstein,1988,47.105,9.556,1
LTU,Lithuania,1992,55.342,24.23,13
LTU,Lithuania,1996,55.342,24.23,11
LTU,Lithuania,2000,55.342,24.23,17
LTU,Lithuania,2004,55.342,24.23,3
LTU,Lithuania,2008,55.342,24.23,5
LTU,Lithuania,2012,55.342,24.23,5
LTU,Lithuania,2016,55.342,24.23,7
LUX,Luxembourg,1900,49.671,6.113,1
LUX,Luxembourg,1920,49.671,6.113,1
LUX,Luxembourg,1924,49.671,6.113,2
LUX,Luxembourg,1928,49.671,6.113,1
LUX,Luxembourg,1952,49.671,6.113,1
LUX,Luxembourg,1992,49.671,6.113,2
MAR,Morocco,1960,31.129,-7.355,1
MAR,Morocco,1984,31.129,-7.355,2
MAR,Morocco,1988,31.129,-7.355,3
MAR,Morocco,1992,31.129,-7.355,3
MAR,Morocco,1996,31.129,-7.355,2
MAR,Morocco,2000,31.129,-7.355,5
MAR,Morocco,2004,31.129,-7.355,3
MAR,Morocco,2008,31.129,-7.355,2
MAR,Morocco,2012,31.129,-7.355,1
MAR,Morocco,2016,31.129,-7.355,1
MAS,Malaysia,1992,4.416,102.099,2
MAS,Malaysia,1996,4.416,102.099,3
MAS,Malaysia,2008,4.416,102.099,1
MAS,Malaysia,2012,4.416,102.099,2
MAS,Malaysia,2016,4.416,102.099,8
MDA,Moldova,1996,47.524,28.444,3
MDA,Moldova,2000,47.524,28.444,2
MDA,Moldova,2008,47.524,28.444,1
MDA,Moldova,2012,47.524,28.444,2
MEX,Mexico,1900,22.925,-101.68,3
MEX,Mexico,1932,22.925,-101.68,2
MEX,Mexico,1936,22.925,-101.68,16
MEX,Mexico,1948,22.925,-101.68,9
MEX,Mexico,1952,22.925,-101.68,1
MEX,Mexico,1956,22.925,-101.68,2
MEX,Mexico,1960,22.925,-101.68,1
MEX,Mexico,1964,22.925,-101.68,1
MEX,Mexico,1968,22.925,-101.68,9
MEX,Mexico,1972,22.925,-101.68,1
MEX,Mexico,1976,22.925,-101.68,2
MEX,Mexico,1980,22.925,-101.68,10
MEX,Mexico,1984,22.925,-101.68,6
MEX,Mexico,1988,22.925,-101.68,2
MEX,Mexico,1992,22.925,-101.68,1
MEX,Mexico,1996,22.925,-101.68,1
MEX,Mexico,2000,22.925,-101.68,6
MEX,Mexico,2004,22.925,-101.68,4
MEX,Mexico,2008,22.925,-101.68,4
MEX,Mexico,2012,22.925,-101.68,24
MEX,Mexico,2016,22.925,-101.68,5
MGL,Mongolia,1968,46.516,102.564,4
MGL,Mongolia,1972,46.516,102.564,1
MGL,Mongolia,1976,46.516,102.564,1
MGL,Mongolia,1980,46.516,102.564,4
MGL,Mongolia,1988,46.516,102.564,1
MGL,Mongolia,1992,46.516,102.564,2
MGL,Mongolia,1996,46.516,102.564,1
MGL,Mongolia,2004,46.516,102.564,1
MGL,Mongolia,2008,46.516,102.564,4
MGL,Mongolia,2012,46.516,102.564,5
MGL,Mongolia,2016,46.516,102.564,2
MKD,Macedonia,2000,41.636,21.676,1
MNE,Montenegro,2012,42.857,19.096,14
MON,Monaco,1924,43.733,7.416,1
MOZ,Mozambique,1996,-13.852,38.042,1
MOZ,Mozambique,2000,-13.852,38.042,1
MRI,Mauritius,2008,-20.323,57.518,1
NAM,Namibia,1992,-21.276,17.219,2
NAM,Namibia,1996,-21.276,17.219,2
NED,Netherlands,1900,52.426,5.721,27
NED,Netherlands,1906,52.426,5.721,6
NED,Netherlands,1908,52.426,5.721,16
NED,Netherlands,1912,52.426,5.721,26
NED,Netherlands,1920,52.426,5.721,50
NED,Netherlands,1924,52.426,5.721,27
NED,Netherlands,1928,52.426,5.721,57
NED,Netherlands,1932,52.426,5.721,13
NED,Netherlands,1936,52.426,5.721,37
NED,Netherlands,1948,52.426,5.721,42
NED,Netherlands,1952,52.426,5.721,21
NED,Netherlands,1960,52.426,5.721,5
NED,Netherlands,1964,52.426,5.721,33
NED,Netherlands,1968,52.426,5.721,23
NED,Netherlands,1972,52.426,5.721,15
NED,Netherlands,1976,52.426,5.721,20
NED,Netherlands,1980,52.426,5.721,10
NED,Netherlands,1984,52.426,5.721,41
NED,Netherlands,1988,52.426,5.721,52
NED,Netherlands,1992,52.426,5.721,37
NED,Netherlands,1994,52.426,5.721,4
NED,Netherlands,1996,52.426,5.721,73
NED,Netherlands,1998,52.426,5.721,11
NED,Netherlands,2000,52.426,5.721,79
NED,Netherlands,2002,52.426,5.721,8
NED,Netherlands,2004,52.426,5.721,77
NED,Netherlands,2006,52.426,5.721,13
NED,Netherlands,2008,52.426,5.721,61
NED,Netherlands,2010,52.426,5.721,11
NED,Netherlands,2012,52.426,5.721,69
NED,Netherlands,2014,52.426,5.721,29
NED,Netherlands,2016,52.426,5.721,47
NEP,Nepal,1924,28.929,82.16,1
NGR,Nigeria,1964,9.3417,7.678,1
NGR,Nigeria,1972,9.3417,7.678,1
NGR,Nigeria,1984,9.3417,7.678,5
NGR,Nigeria,1992,9.3417,7.678,11
NGR,Nigeria,1996,9.3417,7.678,24
NGR,Nigeria,2000,9.3417,7.678,8
NGR,Nigeria,2004,9.3417,7.678,8
NGR,Nigeria,2008,9.3417,7.678,23
NGR,Nigeria,2016,9.3417,7.678,18
NIG,Niger,1972,16.996,9.915,1
NIG,Niger,2016,16.996,9.915,1
NOR,Norway,1900,61.155,9.77,9
NOR,Norway,1904,61.155,9.77,2
NOR,Norway,1906,61.155,9.77,25
NOR,Norway,1908,61.155,9.77,42
NOR,Norway,1912,61.155,9.77,80
NOR,Norway,1920,61.155,9.77,137
NOR,Norway,1924,61.155,9.77,39
NOR,Norway,1928,61.155,9.77,24
NOR,Norway,1932,61.155,9.77,10
NOR,Norway,1936,61.155,9.77,46
NOR,Norway,1948,61.155,9.77,31
NOR,Norway,1952,61.155,9.77,32
NOR,Norway,1956,61.155,9.77,7
NOR,Norway,1960,61.155,9.77,11
NOR,Norway,1964,61.155,9.77,15
NOR,Norway,1968,61.155,9.77,28
NOR,Norway,1972,61.155,9.77,25
NOR,Norway,1976,61.155,9.77,16
NOR,Norway,1980,61.155,9.77,15
NOR,Norway,1984,61.155,9.77,19
NOR,Norway,1988,61.155,9.77,33
NOR,Norway,1992,61.155,9.77,47
NOR,Norway,1994,61.155,9.77,30
NOR,Norway,1996,61.155,9.77,23
NOR,Norway,1998,61.155,9.77,40
NOR,Norway,2000,61.155,9.77,43
NOR,Norway,2002,61.155,9.77,41
NOR,Norway,2004,61.155,9.77,7
NOR,Norway,2006,61.155,9.77,23
NOR,Norway,2008,61.155,9.77,22
NOR,Norway,2010,61.155,9.77,39
NOR,Norway,2012,61.155,9.77,17
NOR,Norway,2014,61.155,9.77,36
NOR,Norway,2016,61.155,9.77,19
NZL,New Zealand,1900,-42.558,172.377,1
NZL,New Zealand,1920,-42.558,172.377,1
NZL,New Zealand,1924,-42.558,172.377,1
NZL,New Zealand,1928,-42.558,172.377,1
NZL,New Zealand,1932,-42.558,172.377,2
NZL,New Zealand,1936,-42.558,172.377,1
NZL,New Zealand,1952,-42.558,172.377,3
NZL,New Zealand,1956,-42.558,172.377,3
NZL,New Zealand,1960,-42.558,172.377,3
NZL,New Zealand,1964,-42.558,172.377,6
NZL,New Zealand,1968,-42.558,172.377,7
NZL,New Zealand,1972,-42.558,172.377,14
NZL,New Zealand,1976,-42.558,172.377,25
NZL,New Zealand,1984,-42.558,172.377,23
NZL,New Zealand,1988,-42.558,172.377,24
NZL,New Zealand,1992,-42.558,172.377,16
NZL,New Zealand,1996,-42.558,172.377,9
NZL,New Zealand,2000,-42.558,172.377,4
NZL,New Zealand,2004,-42.558,172.377,6
NZL,New Zealand,2008,-42.558,172.377,15
NZL,New Zealand,2012,-42.558,172.377,27
NZL,New Zealand,2016,-42.558,172.377,36
PAK,Pakistan,1956,27.618,66.604,14
PAK,Pakistan,1960,27.618,66.604,14
PAK,Pakistan,1964,27.618,66.604,16
PAK,Pakistan,1968,27.618,66.604,13
PAK,Pakistan,1972,27.618,66.604,15
PAK,Pakistan,1976,27.618,66.604,16
PAK,Pakistan,1984,27.618,66.604,16
PAK,Pakistan,1988,27.618,66.604,1
PAK,Pakistan,1992,27.618,66.604,16
PAN,Panama,1948,8.348,-81.005,2
PAN,Panama,2008,8.348,-81.005,1
PAR,Paraguay,2004,-23.266,-58.409,17
PER,Peru,1948,-12.664,-72.98,1
PER,Peru,1984,-12.664,-72.98,1
PER,Peru,1988,-12.664,-72.98,12
PER,Peru,1992,-12.664,-72.98,1
PHI,Philippines,1928,17.181,121.256,1
PHI,Philippines,1932,17.181,121.256,3
PHI,Philippines,1936,17.181,121.256,1
PHI,Philippines,1964,17.181,121.256,1
PHI,Philippines,1988,17.181,121.256,1
PHI,Philippines,1992,17.181,121.256,1
PHI,Philippines,1996,17.181,121.256,1
PHI,Philippines,2016,17.181,121.256,1
POL,Poland,1924,52.442,19.72,5
POL,Poland,1928,52.442,19.72,20
POL,Poland,1932,52.442,19.72,21
POL,Poland,1936,52.442,19.72,12
POL,Poland,1948,52.442,19.72,2
POL,Poland,1952,52.442,19.72,4
POL,Poland,1956,52.442,19.72,20
POL,Poland,1960,52.442,19.72,32
POL,Poland,1964,52.442,19.72,46
POL,Poland,1968,52.442,19.72,37
POL,Poland,1972,52.442,19.72,47
POL,Poland,1976,52.442,19.72,73
POL,Poland,1980,52.442,19.72,50
POL,Poland,1988,52.442,19.72,21
POL,Poland,1992,52.442,19.72,46
POL,Poland,1996,52.442,19.72,22
POL,Poland,2000,52.442,19.72,24
POL,Poland,2002,52.442,19.72,2
POL,Poland,2004,52.442,19.72,12
POL,Poland,2006,52.442,19.72,2
POL,Poland,2008,52.442,19.72,20
POL,Poland,2010,52.442,19.72,8
POL,Poland,2012,52.442,19.72,12
POL,Poland,2014,52.442,19.72,11
POL,Poland,2016,52.442,19.72,16
POR,Portugal,1924,40.957,-7.799,4
POR,Portugal,1928,40.957,-7.799,6
POR,Portugal,1936,40.957,-7.799,3
POR,Portugal,1948,40.957,-7.799,5
POR,Portugal,1952,40.957,-7.799,2
POR,Portugal,1960,40.957,-7.799,2
POR,Portugal,1976,40.957,-7.799,2
POR,Portugal,1984,40.957,-7.799,3
POR,Portugal,1988,40.957,-7.799,1
POR,Portugal,1996,40.957,-7.799,3
POR,Portugal,2000,40.957,-7.799,2
POR,Portugal,2004,40.957,-7.799,3
POR,Portugal,2008,40.957,-7.799,2
POR,Portugal,2012,40.957,-7.799,2
POR,Portugal,2016,40.957,-7.799,1
PRK,North Korea,1964,39.767,126.389,1
PRK,North Korea,1972,39.767,126.389,15
PRK,North Korea,1976,39.767,126.389,2
PRK,North Korea,1980,39.767,126.389,5
PRK,North Korea,1992,39.767,126.389,11
PRK,North Korea,1996,39.767,126.389,5
PRK,North Korea,2000,39.767,126.389,4
PRK,North Korea,2004,39.767,126.389,5
PRK,North Korea,2008,39.767,126.389,6
PRK,North Korea,2012,39.767,126.389,6
PRK,North Korea,2016,39.767,126.389,7
PUR,Puerto Rico,1948,18.242,-66.643,1
PUR,Puerto Rico,1976,18.242,-66.643,1
PUR,Puerto Rico,1984,18.242,-66.643,2
PUR,Puerto Rico,1992,18.242,-66.643,1
PUR,Puerto Rico,1996,18.242,-66.643,1
PUR,Puerto Rico,2012,18.242,-66.643,2
PUR,Puerto Rico,2016,18.242,-66.643,1
QAT,Qatar,1992,25.168,51.17,1
QAT,Qatar,2000,25.168,51.17,1
QAT,Qatar,2012,25.168,51.17,2
QAT,Qatar,2016,25.168,51.17,1
ROU,Romania,1924,45.933,25.119,16
ROU,Romania,1936,45.933,25.119,1
ROU,Romania,1952,45.933,25.119,4
ROU,Romania,1956,45.933,25.119,19
ROU,Romania,1960,45.933,25.119,15
ROU,Romania,1964,45.933,25.119,16
ROU,Romania,1968,45.933,25.119,25
ROU,Romania,1972,45.933,25.119,40
ROU,Romania,1976,45.933,25.119,55
ROU,Romania,1980,45.933,25.119,68
ROU,Romania,1984,45.933,25.119,106
ROU,Romania,1988,45.933,25.119,58
ROU,Romania,1992,45.933,25.119,53
ROU,Romania,1996,45.933,25.119,38
ROU,Romania,2000,45.933,25.119,46
ROU,Romania,2004,45.933,25.119,39
ROU,Romania,2008,45.933,25.119,22
ROU,Romania,2012,45.933,25.119,16
ROU,Romania,2016,45.933,25.119,16
RSA,South Africa,1908,-31.7,23.441,2
RSA,South Africa,1912,-31.7,23.441,7
RSA,South Africa,1920,-31.7,23.441,21
RSA,South Africa,1924,-31.7,23.441,3
RSA,South Africa,1928,-31.7,23.441,6
RSA,South Africa,1932,-31.7,23.441,5
RSA,South Africa,1936,-31.7,23.441,1
RSA,South Africa,1948,-31.7,23.441,6
RSA,South Africa,1952,-31.7,23.441,14
RSA,South Africa,1956,-31.7,23.441,7
RSA,South Africa,1960,-31.7,23.441,3
RSA,South Africa,1992,-31.7,23.441,3
RSA,South Africa,1996,-31.7,23.441,5
RSA,South Africa,2000,-31.7,23.441,5
RSA,South Africa,2004,-31.7,23.441,10
RSA,South Africa,2008,-31.7,23.441,1
RSA,South Africa,2012,-31.7,23.441,9
RSA,South Africa,2016,-31.7,23.441,23
RUS,Russia,1908,64.736,104.062,3
RUS,Russia,1912,64.736,104.062,14
RUS,Russia,1994,64.736,104.062,36
RUS,Russia,1996,64.736,104.062,115
RUS,Russia,1998,64.736,104.062,52
RUS,Russia,2000,64.736,104.062,187
RUS,Russia,2002,64.736,104.062,38
RUS,Russia,2004,64.736,104.062,189
RUS,Russia,2006,64.736,104.062,41
RUS,Russia,2008,64.736,104.062,142
RUS,Russia,2010,64.736,104.062,25
RUS,Russia,2012,64.736,104.062,140
RUS,Russia,2014,64.736,104.062,68
RUS,Russia,2016,64.736,104.062,115
SCG,Serbia,1996,44.021,20.699,26
SCG,Serbia,2000,44.021,20.699,25
SCG,Serbia,2004,44.021,20.699,13
SEN,Senegal,1988,15.044,-15.081,1
SGP,Singapore,1960,1.364,103.81,1
SGP,Singapore,2008,1.364,103.81,3
SGP,Singapore,2012,1.364,103.81,4
SGP,Singapore,2016,1.364,103.81,1
SLO,Slovenia,1992,46.037,14.534,6
SLO,Slovenia,1994,46.037,14.534,3
SLO,Slovenia,1996,46.037,14.534,2
SLO,Slovenia,2000,46.037,14.534,3
SLO,Slovenia,2002,46.037,14.534,4
SLO,Slovenia,2004,46.037,14.534,5
SLO,Slovenia,2008,46.037,14.534,5
SLO,Slovenia,2010,46.037,14.534,3
SLO,Slovenia,2012,46.037,14.534,5
SLO,Slovenia,2014,46.037,14.534,8
SLO,Slovenia,2016,46.037,14.534,4
SRB,Serbia,2008,44.021,20.699,15
SRB,Serbia,2012,44.021,20.699,16
SRB,Serbia,2016,44.021,20.699,54
SRI,Sri Lanka,1948,7.3,80.727,1
SRI,Sri Lanka,2000,7.3,80.727,1
SUD,Sudan,2008,15.739,29.533,1
SUI,Switzerland,1896,47.012,8.351,3
SUI,Switzerland,1900,47.012,8.351,21
SUI,Switzerland,1904,47.012,8.351,3
SUI,Switzerland,1906,47.012,8.351,12
SUI,Switzerland,1912,47.012,8.351,2
SUI,Switzerland,1920,47.012,8.351,29
SUI,Switzerland,1924,47.012,8.351,69
SUI,Switzerland,1928,47.012,8.351,42
SUI,Switzerland,1932,47.012,8.351,3
SUI,Switzerland,1936,47.012,8.351,62
SUI,Switzerland,1948,47.012,8.351,64
SUI,Switzerland,1952,47.012,8.351,39
SUI,Switzerland,1956,47.012,8.351,13
SUI,Switzerland,1960,47.012,8.351,14
SUI,Switzerland,1964,47.012,8.351,6
SUI,Switzerland,1968,47.012,8.351,22
SUI,Switzerland,1972,47.012,8.351,25
SUI,Switzerland,1976,47.012,8.351,19
SUI,Switzerland,1980,47.012,8.351,11
SUI,Switzerland,1984,47.012,8.351,21
SUI,Switzerland,1988,47.012,8.351,28
SUI,Switzerland,1992,47.012,8.351,8
SUI,Switzerland,1994,47.012,8.351,16
SUI,Switzerland,1996,47.012,8.351,11
SUI,Switzerland,1998,47.012,8.351,14
SUI,Switzerland,2000,47.012,8.351,14
SUI,Switzerland,2002,47.012,8.351,24
SUI,Switzerland,2004,47.012,8.351,7
SUI,Switzerland,2006,47.012,8.351,21
SUI,Switzerland,2008,47.012,8.351,11
SUI,Switzerland,2010,47.012,8.351,12
SUI,Switzerland,2012,47.012,8.351,4
SUI,Switzerland,2014,47.012,8.351,30
SUI,Switzerland,2016,47.012,8.351,11
SUR,Suriname,1988,4.248,-55.848,1
SUR,Suriname,1992,4.248,-55.848,1
SVK,Slovakia,1996,48.757,18.957,3
SVK,Slovakia,2000,48.757,18.957,6
SVK,Slovakia,2004,48.757,18.957,10
SVK,Slovakia,2006,48.757,18.957,1
SVK,Slovakia,2008,48.757,18.957,10
SVK,Slovakia,2010,48.757,18.957,3
SVK,Slovakia,2012,48.757,18.957,5
SVK,Slovakia,2014,48.757,18.957,1
SVK,Slovakia,2016,48.757,18.957,8
SWE,Sweden,1900,65.903,18.572,4
SWE,Sweden,1906,65.903,18.572,21
SWE,Sweden,1908,65.903,18.572,84
SWE,Sweden,1912,65.903,18.572,190
SWE,Sweden,1920,65.903,18.572,154
SWE,Sweden,1924,65.903,18.572,81
SWE,Sweden,1928,65.903,18.572,53
SWE,Sweden,1932,65.903,18.572,35
SWE,Sweden,1936,65.903,18.572,45
SWE,Sweden,1948,65.903,18.572,88
SWE,Sweden,1952,65.903,18.572,93
SWE,Sweden,1956,65.903,18.572,49
SWE,Sweden,1960,65.903,18.572,16
SWE,Sweden,1964,65.903,18.572,43
SWE,Sweden,1968,65.903,18.572,25
SWE,Sweden,1972,65.903,18.572,26
SWE,Sweden,1976,65.903,18.572,12
SWE,Sweden,1980,65.903,18.572,43
SWE,Sweden,1984,65.903,18.572,64
SWE,Sweden,1988,65.903,18.572,46
SWE,Sweden,1992,65.903,18.572,42
SWE,Sweden,1994,65.903,18.572,24
SWE,Sweden,1996,65.903,18.572,31
SWE,Sweden,1998,65.903,18.572,7
SWE,Sweden,2000,65.903,18.572,32
SWE,Sweden,2002,65.903,18.572,26
SWE,Sweden,2004,65.903,18.572,12
SWE,Sweden,2006,65.903,18.572,64
SWE,Sweden,2008,65.903,18.572,7
SWE,Sweden,2010,65.903,18.572,18
SWE,Sweden,2012,65.903,18.572,22
SWE,Sweden,2014,65.903,18.572,51
SWE,Sweden,2016,65.903,18.572,28
SYR,Syria,1984,35.303,38.322,1
SYR,Syria,1996,35.303,38.322,1
SYR,Syria,2004,35.303,38.322,1
TAN,Tanzania,1980,-5.651,34.146,2
TCH,Czech Republic,1920,49.848,14.717,10
TCH,Czech Republic,1924,49.848,14.717,10
TCH,Czech Republic,1928,49.848,14.717,17
TCH,Czech Republic,1932,49.848,14.717,6
TCH,Czech Republic,1936,49.848,14.717,18
TCH,Czech Republic,1948,49.848,14.717,37
TCH,Czech Republic,1952,49.848,14.717,25
TCH,Czech Republic,1956,49.848,14.717,7
TCH,Czech Republic,1960,49.848,14.717,23
TCH,Czech Republic,1964,49.848,14.717,71
TCH,Czech Republic,1968,49.848,14.717,50
TCH,Czech Republic,1972,49.848,14.717,49
TCH,Czech Republic,1976,49.848,14.717,34
TCH,Czech Republic,1980,49.848,14.717,52
TCH,Czech Republic,1984,49.848,14.717,28
TCH,Czech Republic,1988,49.848,14.717,16
TCH,Czech Republic,1992,49.848,14.717,35
TGA,Tonga,1996,-21.167,-175.19,1
THA,Thailand,1976,15.688,100.845,1
THA,Thailand,1984,15.688,100.845,1
THA,Thailand,1988,15.688,100.845,1
THA,Thailand,1992,15.688,100.845,1
THA,Thailand,1996,15.688,100.845,2
THA,Thailand,2000,15.688,100.845,3
THA,Thailand,2004,15.688,100.845,8
THA,Thailand,2008,15.688,100.845,4
THA,Thailand,2012,15.688,100.845,3
THA,Thailand,2016,15.688,100.845,6
TJK,Tajikistan,2008,38.367,72.597,2
TJK,Tajikistan,2012,38.367,72.597,1
TJK,Tajikistan,2016,38.367,72.597,1
TOG,Togo,2008,7.7,1.106,1
TPE,Taiwan,1960,23.513,120.797,1
TPE,Taiwan,1968,23.513,120.797,1
TPE,Taiwan,1984,23.513,120.797,1
TPE,Taiwan,1992,23.513,120.797,20
TPE,Taiwan,1996,23.513,120.797,1
TPE,Taiwan,2000,23.513,120.797,5
TPE,Taiwan,2004,23.513,120.797,9
TPE,Taiwan,2008,23.513,120.797,4
TPE,Taiwan,2012,23.513,120.797,2
TPE,Taiwan,2016,23.513,120.797,5
TTO,Trinidad,1948,10.448,-61.257,1
TTO,Trinidad,1952,10.448,-61.257,2
TTO,Trinidad,1964,10.448,-61.257,6
TTO,Trinidad,1976,10.448,-61.257,1
TTO,Trinidad,1996,10.448,-61.257,2
TTO,Trinidad,2000,10.448,-61.257,2
TTO,Trinidad,2004,10.448,-61.257,1
TTO,Trinidad,2008,10.448,-61.257,6
TTO,Trinidad,2012,10.448,-61.257,10
TTO,Trinidad,2016,10.448,-61.257,1
TUN,Tunisia,1964,35.594,9.421,2
TUN,Tunisia,1968,35.594,9.421,2
TUN,Tunisia,1972,35.594,9.421,1
TUN,Tunisia,1996,35.594,9.421,1
TUN,Tunisia,2008,35.594,9.421,1
TUN,Tunisia,2012,35.594,9.421,3
TUN,Tunisia,2016,35.594,9.421,3
TUR,Turkey,1936,39.144,34.188,2
TUR,Turkey,1948,39.144,34.188,12
TUR,Turkey,1952,39.144,34.188,3
TUR,Turkey,1956,39.144,34.188,7
TUR,Turkey,1960,39.144,34.188,9
TUR,Turkey,1964,39.144,34.188,6
TUR,Turkey,1968,39.144,34.188,2
TUR,Turkey,1972,39.144,34.188,1
TUR,Turkey,1984,39.144,34.188,3
TUR,Turkey,1988,39.144,34.188,2
TUR,Turkey,1992,39.144,34.188,6
TUR,Turkey,1996,39.144,34.188,6
TUR,Turkey,2000,39.144,34.188,5
TUR,Turkey,2004,39.144,34.188,11
TUR,Turkey,2008,39.144,34.188,7
TUR,Turkey,2012,39.144,34.188,5
TUR,Turkey,2016,39.144,34.188,8
UAE,United Arab Emirates,2004,23.431,54.446,1
UAE,United Arab Emirates,2016,23.431,54.446,1
UAR,Syria,1960,35.303,38.322,2
UGA,Uganda,1968,2.085,32.722,2
UGA,Uganda,1972,2.085,32.722,2
UGA,Uganda,1980,2.085,32.722,1
UGA,Uganda,1996,2.085,32.722,1
UGA,Uganda,2012,2.085,32.722,1
UKR,Ukraine,1994,49.364,32.132,2
UKR,Ukraine,1996,49.364,32.132,34
UKR,Ukraine,1998,49.364,32.132,1
UKR,Ukraine,2000,49.364,32.132,35
UKR,Ukraine,2004,49.364,32.132,47
UKR,Ukraine,2006,49.364,32.132,3
UKR,Ukraine,2008,49.364,32.132,31
UKR,Ukraine,2012,49.364,32.132,26
UKR,Ukraine,2014,49.364,32.132,5
UKR,Ukraine,2016,49.364,32.132,15
URS,Russia,1952,64.736,104.062,117
URS,Russia,1956,64.736,104.062,206
URS,Russia,1960,64.736,104.062,211
URS,Russia,1964,64.736,104.062,221
URS,Russia,1968,64.736,104.062,229
URS,Russia,1972,64.736,104.062,259
URS,Russia,1976,64.736,104.062,342
URS,Russia,1980,64.736,104.062,496
URS,Russia,1984,64.736,104.062,56
URS,Russia,1988,64.736,104.062,366
URU,Uruguay,1924,-32.948,-56.249,14
URU,Uruguay,1928,-32.948,-56.249,17
URU,Uruguay,1932,-32.948,-56.249,1
URU,Uruguay,1948,-32.948,-56.249,3
URU,Uruguay,1952,-32.948,-56.249,14
URU,Uruguay,1956,-32.948,-56.249,12
URU,Uruguay,1964,-32.948,-56.249,1
URU,Uruguay,2000,-32.948,-56.249,1
USA,USA,1896,40.731,-99.225,20
USA,USA,1900,40.731,-99.225,63
USA,USA,1904,40.731,-99.225,394
USA,USA,1906,40.731,-99.225,24
USA,USA,1908,40.731,-99.225,65
USA,USA,1912,40.731,-99.225,107
USA,USA,1920,40.731,-99.225,194
USA,USA,1924,40.731,-99.225,194
USA,USA,1928,40.731,-99.225,102
USA,USA,1932,40.731,-99.225,223
USA,USA,1936,40.731,-99.225,112
USA,USA,1948,40.731,-99.225,168
USA,USA,1952,40.731,-99.225,164
USA,USA,1956,40.731,-99.225,149
USA,USA,1960,40.731,-99.225,152
USA,USA,1964,40.731,-99.225,177
USA,USA,1968,40.731,-99.225,173
USA,USA,1972,40.731,-99.225,195
USA,USA,1976,40.731,-99.225,175
USA,USA,1980,40.731,-99.225,30
USA,USA,1984,40.731,-99.225,361
USA,USA,1988,40.731,-99.225,214
USA,USA,1992,40.731,-99.225,238
USA,USA,1994,40.731,-99.225,19
USA,USA,1996,40.731,-99.225,259
USA,USA,1998,40.731,-99.225,34
USA,USA,2000,40.731,-99.225,242
USA,USA,2002,40.731,-99.225,84
USA,USA,2004,40.731,-99.225,263
USA,USA,2006,40.731,-99.225,52
USA,USA,2008,40.731,-99.225,317
USA,USA,2010,40.731,-99.225,97
USA,USA,2012,40.731,-99.225,248
USA,USA,2014,40.731,-99.225,64
USA,USA,2016,40.731,-99.225,264
UZB,Uzbekistan,1994,41.757,63.958,1
UZB,Uzbekistan,1996,41.757,63.958,2
UZB,Uzbekistan,2000,41.757,63.958,4
UZB,Uzbekistan,2004,41.757,63.958,5
UZB,Uzbekistan,2008,41.757,63.958,6
UZB,Uzbekistan,2012,41.757,63.958,3
UZB,Uzbekistan,2016,41.757,63.958,13
VEN,Venezuela,1952,6.983,-64.588,1
VEN,Venezuela,1960,6.983,-64.588,1
VEN,Venezuela,1968,6.983,-64.588,1
VEN,Venezuela,1976,6.983,-64.588,1
VEN,Venezuela,1980,6.983,-64.588,1
VEN,Venezuela,1984,6.983,-64.588,3
VEN,Venezuela,2004,6.983,-64.588,2
VEN,Venezuela,2008,6.983,-64.588,1
VEN,Venezuela,2012,6.983,-64.588,1
VEN,Venezuela,2016,6.983,-64.588,3
VIE,Vietnam,2000,21.75,105.373,1
VIE,Vietnam,2008,21.75,105.373,1
VIE,Vietnam,2016,21.75,105.373,2
WIF,Trinidad,1960,10.448,-61.257,5
YUG,Serbia,1924,44.021,20.699,2
YUG,Serbia,1928,44.021,20.699,12
YUG,Serbia,1936,44.021,20.699,1
YUG,Serbia,1948,44.021,20.699,16
YUG,Serbia,1952,44.021,20.699,24
YUG,Serbia,1956,44.021,20.699,23
YUG,Serbia,1960,44.021,20.699,17
YUG,Serbia,1964,44.021,20.699,15
YUG,Serbia,1968,44.021,20.699,29
YUG,Serbia,1972,44.021,20.699,18
YUG,Serbia,1976,44.021,20.699,19
YUG,Serbia,1980,44.021,20.699,57
YUG,Serbia,1984,44.021,20.699,88
YUG,Serbia,1988,44.021,20.699,69
ZAM,Zambia,1984,-15.13,25.268,1
ZAM,Zambia,1996,-15.13,25.268,1
ZIM,Zimbabwe,1980,-19.098,30.047,15
ZIM,Zimbabwe,2004,-19.098,30.047,3
ZIM,Zimbabwe,2008,-19.098,30.047,4
